average Time,period,gravity,k,gk
10.370500,1.037050,9.911147,-nan,-nan,
average Time,period,gravity,k,gk
10.855000,1.085500,9.716232,5.141877,7.677818,
average Time,period,gravity,k,gk
11.136000,1.113600,9.868765,4.115806,9.591899,
average Time,period,gravity,k,gk
10.451500,1.045150,12.288001,0.240940,163.851392,
